dataset,base_model,include_drift,total_elapsed_time,StatsMetrics,ClusteringMetrics,PsiCalculator,DomainClassifier,OmvPht,SqsiCalculator,Udetector
electricity,RandomForestClassifier,True,1723.3307509422302,125.59883451461792,383.29158902168274,32.35327172279358,109.1847403049469,1.3152494430541992,98.95315527915956,99.52406191825868
powersupply,RandomForestClassifier,True,1982.668670892716,408.7076909542084,849.8026826381683,143.49126768112183,836.5564436912537,127.99089026451112,456.6140522956848,675.0653984546661
rialto,RandomForestClassifier,True,5537.372765779495,1244.4812371730804,2006.5937938690183,202.29348516464236,2081.3989984989166,59.596962690353394,1084.418977975845,1384.4429068565369
airlines,RandomForestClassifier,True,22260.778205871582,221.19342041015625,1702.3353960514069,49.795456409454346,882.3185586929321,4.294246673583984,192.79989409446716,160.18060111999512
